fldxt,jumby,vizor,whang,pecks
fldxt,jumby,vizor,whang,speck
fldxt,jumby,ginzo,pshav,wreck
fldxt,jumby,zings,prove,chawk
fldxt,jumby,zings,prove,whack
fldxt,jumby,zings,parve,chowk
fldxt,jumby,zings,paver,chowk
fldxt,jumby,zings,verpa,chowk
fldxt,jumby,grosz,chivw,knape
fldxt,jumby,grosz,chivw,pekan
fldxt,jumby,grosz,paven,whick
fldxt,jumby,voraz,whing,pecks
fldxt,jumby,voraz,whing,speck
fldxt,jumby,gazon,chivw,perks
fldxt,jumby,zogan,chivw,perks
fldxt,jumby,prize,gconv,hawks
fldxt,jumby,prize,vangs,chowk
fldxt,jumby,karez,chivw,spong
fldxt,jumby,karez,gconv,whips
fldxt,jumby,karez,gconv,whisp
fldxt,jumby,gazer,chivw,knops
fldxt,jumby,gazer,chivw,knosp
fldxt,jumby,graze,chivw,knops
fldxt,jumby,graze,chivw,knosp
fldxt,jowpy,uzbek,mirvs,chang
fldxt,jowpy,uzbek,mirvs,ganch
fldxt,jowpy,uzbek,vangs,chirm
fldxt,jowpy,uzbeg,mirvs,chank
fldxt,jowpy,uzbak,mirvs,cheng
fldxt,jowpy,mizen,vughs,brack
fldxt,jowpy,zemni,vughs,brack
fldxt,jowpy,nazim,vughs,breck
fldxt,jowpy,nizam,vughs,breck
fldxt,jumpy,vizor,whang,becks
fldxt,jumpy,vizor,gawks,bench
fldxt,jumpy,ginzo,verbs,chawk
fldxt,jumpy,ginzo,verbs,whack
fldxt,jumpy,zings,bevor,chawk
fldxt,jumpy,zings,bevor,whack
fldxt,jumpy,zings,brave,chowk
fldxt,jumpy,zings,breva,chowk
fldxt,jumpy,grosz,chivw,baken
fldxt,jumpy,voraz,whing,becks
fldxt,jumpy,gazon,chivw,kerbs
fldxt,jumpy,gazon,chivw,krebs
fldxt,jumpy,zogan,chivw,kerbs
fldxt,jumpy,zogan,chivw,krebs
fldxt,jumpy,gazon,verbs,whick
fldxt,jumpy,zogan,verbs,whick
fldxt,jumpy,zigan,verbs,chowk
fldxt,jumpy,braze,gconv,whisk
fldxt,jumpy,zebra,gconv,whisk
fldxt,jumpy,karez,chivw,bongs
fldxt,jumpy,gazer,chivw,bonks
fldxt,jumpy,gazer,chivw,knobs
fldxt,jumpy,graze,chivw,bonks
fldxt,jumpy,graze,chivw,knobs
fldxt,jumpy,gazes,chivw,bronk
fldxt,vejoz,whump,bingy,carks
fldxt,vejoz,whump,bingy,racks
fldxt,vejoz,whump,brick,gansy
fldxt,vejoz,whump,brick,yangs
fldxt,vejoz,whump,backy,girns
fldxt,vejoz,whump,backy,grins
fldxt,vejoz,whump,backy,rings
fldxt,vejoz,whump,bring,casky
fldxt,vejoz,whump,bring,yacks
fldxt,vejoz,whump,bangy,ricks
fldxt,vejoz,whump,backs,girny
fldxt,vejoz,whump,backs,ringy
fldxt,vejoz,whump,birks,cangy
fldxt,vejoz,whump,brisk,cangy
fldxt,vejoz,whump,carby,ginks
fldxt,vejoz,whump,carby,kings
fldxt,vejoz,whump,cribs,kyang
fldxt,vejoz,whump,banks,gyric
fldxt,vejoz,whump,bangs,ricky
fldxt,vejoz,whump,barks,gynic
fldxt,vejoz,whump,brags,nicky
fldxt,vejoz,whump,garbs,nicky
fldxt,vejoz,whump,grabs,nicky
fldxt,vejoz,whick,bumpy,gnars
fldxt,vejoz,whick,bungy,prams
fldxt,vejoz,whick,bungy,ramps
fldxt,vejoz,whick,bungy,sparm
fldxt,vejoz,whick,bumps,angry
fldxt,vejoz,whick,bumps,rangy
fldxt,vejoz,whick,bryum,pangs
fldxt,vejoz,whick,bryum,spang
fldxt,vejoz,whick,burny,gamps
fldxt,vejoz,whick,runby,gamps
fldxt,vejoz,whick,bangy,rumps
fldxt,vejoz,whick,numbs,grapy
fldxt,vejoz,whick,burps,mangy
fldxt,vejoz,whick,namby,sprug
fldxt,vejoz,whick,ambry,pungs
fldxt,vejoz,whick,ambry,spung
fldxt,vejoz,whick,barmy,pungs
fldxt,vejoz,whick,barmy,spung
fldxt,vejoz,whick,bangs,rumpy
fldxt,vejoz,whick,barms,pungy
fldxt,vejoz,wicky,bumph,gnars
fldxt,vejoz,wicky,rhumb,pangs
fldxt,vejoz,wicky,rhumb,spang
fldxt,vejoz,wicky,bhang,rumps
fldxt,vejoz,wicky,bungs,pharm
fldxt,vejoz,wicky,bungs,prahm
fldxt,vejoz,wicky,numbs,graph
fldxt,vejoz,wicky,bargh,numps
fldxt,vejoz,wicky,brahm,pungs
fldxt,vejoz,wicky,brahm,spung
fldxt,vejoz,wicky,bangs,murph
fldxt,vejoz,gawby,chunk,prims
fldxt,vejoz,gawby,chunk,prism
fldxt,vejoz,gawby,chink,rumps
fldxt,vejoz,gawby,kinch,rumps
fldxt,vejoz,gawby,skimp,churn
fldxt,vejoz,gawby,skimp,runch
fldxt,vejoz,gawby,chirk,numps
fldxt,vejoz,gawby,punks,chirm
fldxt,vejoz,gawby,spunk,chirm
fldxt,vejoz,gawby,prink,chums
fldxt,vejoz,gawby,hunks,crimp
fldxt,vejoz,gawby,murks,pinch
fldxt,vejoz,gawby,pinks,churm
fldxt,vejoz,gawby,spink,churm
fldxt,vejoz,gawby,crink,humps
fldxt,vejoz,gawby,crink,sumph
fldxt,vejoz,gawby,knish,crump
fldxt,vejoz,gawby,skirp,munch
fldxt,vejoz,gawby,nicks,murph
fldxt,vejoz,gawby,snick,murph
fldxt,vejoz,gawby,mirks,punch
fldxt,vejoz,gawby,smirk,punch
fldxt,vejoz,gawby,knurs,chimp
fldxt,vejoz,gawby,kirns,chump
fldxt,vejoz,gawby,rinks,chump
fldxt,vejoz,whing,bumpy,carks
fldxt,vejoz,whing,bumpy,racks
fldxt,vejoz,whing,bucky,prams
fldxt,vejoz,whing,bucky,ramps
fldxt,vejoz,whing,bucky,sparm
fldxt,vejoz,whing,bryum,packs
fldxt,vejoz,whing,bryum,spack
fldxt,vejoz,whing,busky,cramp
fldxt,vejoz,whing,backy,rumps
fldxt,vejoz,whing,brusk,campy
fldxt,vejoz,whing,burps,mckay
fldxt,vejoz,whing,brack,spumy
fldxt,vejoz,whing,ambry,pucks
fldxt,vejoz,whing,barmy,pucks
fldxt,vejoz,whing,backs,rumpy
fldxt,vejoz,gawky,bumph,scrin
fldxt,vejoz,gawky,chimb,snurp
fldxt,vejoz,gawky,chimb,spurn
fldxt,vejoz,gawky,bunch,prims
fldxt,vejoz,gawky,bunch,prism
fldxt,vejoz,gawky,bumps,rinch
fldxt,vejoz,gawky,birch,numps
fldxt,vejoz,gawky,numbs,chirp
fldxt,vejoz,gawky,numbs,prich
fldxt,vejoz,gawky,brims,punch
fldxt,vejoz,gawky,burns,chimp
fldxt,vejoz,gawky,brins,chump
fldxt,vejoz,whamp,bucky,girns
fldxt,vejoz,whamp,bucky,grins
fldxt,vejoz,whamp,bucky,rings
fldxt,vejoz,whamp,bungy,ricks
fldxt,vejoz,whamp,rugby,nicks
fldxt,vejoz,whamp,rugby,snick
fldxt,vejoz,whamp,bingy,rucks
fldxt,vejoz,whamp,bucks,girny
fldxt,vejoz,whamp,bucks,ringy
fldxt,vejoz,whamp,curby,ginks
fldxt,vejoz,whamp,curby,kings
fldxt,vejoz,whamp,bunks,gyric
fldxt,vejoz,whamp,bungs,ricky
fldxt,vejoz,whamp,bring,yucks
fldxt,vejoz,whamp,brusk,gynic
fldxt,vejoz,whamp,burgs,nicky
fldxt,vejoz,whamp,grubs,nicky
fldxt,vejoz,whamp,birny,gucks
fldxt,vejoz,whamp,briny,gucks
fldxt,vejoz,whamp,cribs,gunky
fldxt,vejoz,whamp,cribs,kyung
fldxt,vejoz,pawky,chimb,rungs
fldxt,vejoz,pawky,crumb,nighs
fldxt,vejoz,pawky,crumb,singh
fldxt,vejoz,pawky,bungs,chirm
fldxt,vejoz,pawky,bring,chums
fldxt,vejoz,pawky,brigs,munch
fldxt,vejoz,pawky,brims,chung
fldxt,vejoz,mawky,bunch,grips
fldxt,vejoz,mawky,bunch,prigs
fldxt,vejoz,mawky,bunch,sprig
fldxt,vejoz,mawky,birch,pungs
fldxt,vejoz,mawky,birch,spung
fldxt,vejoz,mawky,bungs,chirp
fldxt,vejoz,mawky,bungs,prich
fldxt,vejoz,mawky,burgs,pinch
fldxt,vejoz,mawky,grubs,pinch
fldxt,vejoz,mawky,burps,ching
fldxt,vejoz,mawky,brigs,punch
fldxt,vejoz,wingy,bumph,carks
fldxt,vejoz,wingy,bumph,racks
fldxt,vejoz,wingy,rhumb,packs
fldxt,vejoz,wingy,rhumb,spack
fldxt,vejoz,wingy,bumps,chark
fldxt,vejoz,wingy,bumps,karch
fldxt,vejoz,wingy,crumb,kaphs
fldxt,vejoz,wingy,bucks,pharm
fldxt,vejoz,wingy,bucks,prahm
fldxt,vejoz,wingy,brusk,champ
fldxt,vejoz,wingy,brack,humps
fldxt,vejoz,wingy,brack,sumph
fldxt,vejoz,wingy,brahm,pucks
fldxt,vejoz,wingy,backs,murph
fldxt,vejoz,wingy,barks,chump
fldxt,vejoz,chawk,gumby,pirns
fldxt,vejoz,whack,gumby,pirns
fldxt,vejoz,chawk,bumpy,girns
fldxt,vejoz,chawk,bumpy,grins
fldxt,vejoz,chawk,bumpy,rings
fldxt,vejoz,whack,bumpy,girns
fldxt,vejoz,whack,bumpy,grins
fldxt,vejoz,whack,bumpy,rings
fldxt,vejoz,chawk,bungy,prims
fldxt,vejoz,chawk,bungy,prism
fldxt,vejoz,whack,bungy,prims
fldxt,vejoz,whack,bungy,prism
fldxt,vejoz,chawk,bumps,girny
fldxt,vejoz,chawk,bumps,ringy
fldxt,vejoz,whack,bumps,girny
fldxt,vejoz,whack,bumps,ringy
fldxt,vejoz,chawk,bryum,pings
fldxt,vejoz,whack,bryum,pings
fldxt,vejoz,chawk,bingy,rumps
fldxt,vejoz,whack,bingy,rumps
fldxt,vejoz,chawk,bungs,primy
fldxt,vejoz,whack,bungs,primy
fldxt,vejoz,chawk,bring,spumy
fldxt,vejoz,whack,bring,spumy
fldxt,vejoz,chawk,burny,gimps
fldxt,vejoz,chawk,runby,gimps
fldxt,vejoz,whack,burny,gimps
fldxt,vejoz,whack,runby,gimps
fldxt,vejoz,chawk,numbs,gripy
fldxt,vejoz,whack,numbs,gripy
fldxt,vejoz,chawk,burps,mingy
fldxt,vejoz,whack,burps,mingy
fldxt,vejoz,chawk,brims,pungy
fldxt,vejoz,whack,brims,pungy
fldxt,vejoz,chawk,burns,gimpy
fldxt,vejoz,chawk,burns,pigmy
fldxt,vejoz,whack,burns,gimpy
fldxt,vejoz,whack,burns,pigmy
fldxt,vejoz,hawky,crumb,pings
fldxt,vejoz,hawky,bungs,crimp
fldxt,vejoz,wrick,bumph,gansy
fldxt,vejoz,wrick,bumph,yangs
fldxt,vejoz,wrick,bumpy,gnash
fldxt,vejoz,wrick,bumpy,hangs
fldxt,vejoz,wrick,bumpy,sangh
fldxt,vejoz,wrick,bumpy,shang
fldxt,vejoz,wrick,bungy,pashm
fldxt,vejoz,wrick,bungy,phasm
fldxt,vejoz,wrick,bhang,spumy
fldxt,vejoz,wrick,bungs,yamph
fldxt,vejoz,wrick,bungs,pamhy
fldxt,vejoz,wrick,bungs,phyma
fldxt,vejoz,wrick,bangy,humps
fldxt,vejoz,wrick,bangy,sumph
fldxt,vejoz,wrick,bangs,humpy
fldxt,vejoz,winch,gumby,parks
fldxt,vejoz,winch,gumby,spark
fldxt,vejoz,winch,busky,gramp
fldxt,vejoz,cawky,bumph,girns
fldxt,vejoz,cawky,bumph,grins
fldxt,vejoz,cawky,bumph,rings
fldxt,vejoz,wacky,bumph,girns
fldxt,vejoz,wacky,bumph,grins
fldxt,vejoz,wacky,bumph,rings
fldxt,vejoz,cawky,rhumb,pings
fldxt,vejoz,wacky,rhumb,pings
fldxt,vejoz,cawky,bring,humps
fldxt,vejoz,cawky,bring,sumph
fldxt,vejoz,wacky,bring,humps
fldxt,vejoz,wacky,bring,sumph
fldxt,vejoz,cawky,numbs,griph
fldxt,vejoz,wacky,numbs,griph
fldxt,vejoz,whiny,bucks,gramp
fldxt,vejoz,whiny,backs,grump
fldxt,vejoz,whisk,bumpy,crang
fldxt,vejoz,whisk,bungy,cramp
fldxt,vejoz,whisk,bangy,crump
fldxt,vejoz,whigs,bumpy,crank
fldxt,vejoz,whigs,banky,crump
fldxt,vejoz,whips,gumby,crank
fldxt,vejoz,whisp,gumby,crank
fldxt,vejoz,whips,crumb,kyang
fldxt,vejoz,whisp,crumb,kyang
fldxt,vejoz,whips,brack,mungy
fldxt,vejoz,whisp,brack,mungy
fldxt,vejoz,whank,gumby,crips
fldxt,vejoz,whank,gumby,crisp
fldxt,vejoz,whank,gumby,scrip
fldxt,vejoz,whank,bumps,gyric
fldxt,vejoz,whank,crumb,gipsy
fldxt,vejoz,whank,curby,gimps
fldxt,vejoz,whank,curbs,gimpy
fldxt,vejoz,whank,curbs,pigmy
fldxt,vejoz,whank,scrub,gimpy
fldxt,vejoz,whank,scrub,pigmy
fldxt,vejoz,whang,bumpy,ricks
fldxt,vejoz,whang,bucky,prims
fldxt,vejoz,whang,bucky,prism
fldxt,vejoz,whang,bumps,ricky
fldxt,vejoz,whang,crumb,pisky
fldxt,vejoz,whang,crumb,spiky
fldxt,vejoz,whang,bryum,picks
fldxt,vejoz,whang,bryum,spick
fldxt,vejoz,whang,bucks,primy
fldxt,vejoz,whang,busky,crimp
fldxt,vejoz,whang,brick,spumy
fldxt,vejoz,whang,curby,skimp
fldxt,vejoz,whang,burps,micky
fldxt,vejoz,swick,bumph,angry
fldxt,vejoz,swick,bumph,rangy
fldxt,vejoz,wicks,bumph,angry
fldxt,vejoz,wicks,bumph,rangy
fldxt,vejoz,swick,bungy,pharm
fldxt,vejoz,swick,bungy,prahm
fldxt,vejoz,wicks,bungy,pharm
fldxt,vejoz,wicks,bungy,prahm
fldxt,vejoz,swick,bhang,rumpy
fldxt,vejoz,wicks,bhang,rumpy
fldxt,vejoz,swick,bangy,murph
fldxt,vejoz,wicks,bangy,murph
fldxt,vejoz,swick,brahm,pungy
fldxt,vejoz,wicks,brahm,pungy
fldxt,vejoz,swick,burga,nymph
fldxt,vejoz,wicks,burga,nymph
fldxt,vejoz,swung,chimb,parky
fldxt,vejoz,swung,brick,yamph
fldxt,vejoz,swung,brick,pamhy
fldxt,vejoz,swung,brick,phyma
fldxt,vejoz,swung,birky,champ
fldxt,vejoz,swung,kirby,champ
fldxt,vejoz,swung,brahm,picky
fldxt,vejoz,swung,barky,chimp
fldxt,vejoz,swung,braky,chimp
fldxt,vejoz,whims,bucky,prang
fldxt,vejoz,whims,brack,pungy
fldxt,vejoz,skiwy,bumph,crang
fldxt,vejoz,skiwy,bunch,gramp
fldxt,vejoz,skiwy,bhang,crump
fldxt,vejoz,wring,bumph,casky
fldxt,vejoz,wring,bumph,yacks
fldxt,vejoz,wring,bumpy,hacks
fldxt,vejoz,wring,bumpy,shack
fldxt,vejoz,wring,bucky,pashm
fldxt,vejoz,wring,bucky,phasm
fldxt,vejoz,wring,bumps,chyak
fldxt,vejoz,wring,bumps,hacky
fldxt,vejoz,wring,bucks,yamph
fldxt,vejoz,wring,bucks,pamhy
fldxt,vejoz,wring,bucks,phyma
fldxt,vejoz,wring,busky,champ
fldxt,vejoz,wring,backy,humps
fldxt,vejoz,wring,backy,sumph
fldxt,vejoz,wring,backs,humpy
fldxt,vejoz,wanky,chimb,sprug
fldxt,vejoz,wanky,chubs,grimp
fldxt,vejoz,wanky,subch,grimp
fldxt,vejoz,wanky,burgs,chimp
fldxt,vejoz,wanky,grubs,chimp
fldxt,vejoz,wanky,brigs,chump
fldxt,vejoz,wramp,bucky,nighs
fldxt,vejoz,wramp,bucky,singh
fldxt,vejoz,wramp,bungy,hicks
fldxt,vejoz,wramp,bungy,shick
fldxt,vejoz,wramp,bichy,gunks
fldxt,vejoz,wramp,bingy,hucks
fldxt,vejoz,wramp,bingy,shuck
fldxt,vejoz,wramp,bucks,hying
fldxt,vejoz,wramp,busky,ching
fldxt,vejoz,wramp,bungs,hicky
fldxt,vejoz,gawks,bumpy,rinch
fldxt,vejoz,gawks,bunch,primy
fldxt,vejoz,gawks,bryum,pinch
fldxt,vejoz,gawks,burny,chimp
fldxt,vejoz,gawks,runby,chimp
fldxt,vejoz,gawks,birny,chump
fldxt,vejoz,gawks,briny,chump
fldxt,vejoz,gawks,urbic,nymph
fldxt,vejoz,wharp,gumby,nicks
fldxt,vejoz,wharp,gumby,snick
fldxt,vejoz,wharp,bungy,micks
fldxt,vejoz,wharp,bingy,mucks
fldxt,vejoz,wharp,bucks,mingy
fldxt,vejoz,wharp,bungs,micky
fldxt,vejoz,wrack,bumpy,nighs
fldxt,vejoz,wrack,bumpy,singh
fldxt,vejoz,wrack,bumps,hying
fldxt,vejoz,wrack,bingy,humps
fldxt,vejoz,wrack,bingy,sumph
fldxt,vejoz,wrack,gibus,nymph
fldxt,vejoz,chawn,gumby,skirp
fldxt,vejoz,chawn,rugby,skimp
fldxt,vejoz,chawn,busky,grimp
fldxt,vejoz,chawn,brusk,gimpy
fldxt,vejoz,chawn,brusk,pigmy
fldxt,vejoz,rawky,chimb,pungs
fldxt,vejoz,rawky,chimb,spung
fldxt,vejoz,rawky,bunch,gimps
fldxt,vejoz,rawky,bumps,ching
fldxt,vejoz,rawky,bungs,chimp
fldxt,vejoz,swink,bumph,gracy
fldxt,vejoz,winks,bumph,gracy
fldxt,vejoz,swink,gumby,parch
fldxt,vejoz,winks,gumby,parch
fldxt,vejoz,swink,brugh,campy
fldxt,vejoz,swink,burgh,campy
fldxt,vejoz,winks,brugh,campy
fldxt,vejoz,winks,burgh,campy
fldxt,vejoz,swink,rugby,champ
fldxt,vejoz,winks,rugby,champ
fldxt,vejoz,mawks,bungy,chirp
fldxt,vejoz,mawks,bungy,prich
fldxt,vejoz,mawks,bunch,gripy
fldxt,vejoz,mawks,rugby,pinch
fldxt,vejoz,mawks,birch,pungy
fldxt,vejoz,swing,bumpy,chark
fldxt,vejoz,swing,bumpy,karch
fldxt,vejoz,wings,bumpy,chark
fldxt,vejoz,wings,bumpy,karch
fldxt,vejoz,swing,bucky,pharm
fldxt,vejoz,swing,bucky,prahm
fldxt,vejoz,wings,bucky,pharm
fldxt,vejoz,wings,bucky,prahm
fldxt,vejoz,swing,backy,murph
fldxt,vejoz,wings,backy,murph
fldxt,vejoz,swing,brack,humpy
fldxt,vejoz,wings,brack,humpy
fldxt,vejoz,swing,barky,chump
fldxt,vejoz,swing,braky,chump
fldxt,vejoz,wings,barky,chump
fldxt,vejoz,wings,braky,chump
fldxt,vejoz,swamp,bungy,chirk
fldxt,vejoz,swamp,brugh,nicky
fldxt,vejoz,swamp,burgh,nicky
fldxt,vejoz,swamp,rugby,chink
fldxt,vejoz,swamp,rugby,kinch
fldxt,vejoz,swamp,birky,chung
fldxt,vejoz,swamp,kirby,chung
fldxt,vejoz,swamp,birch,gunky
fldxt,vejoz,swamp,birch,kyung
fldxt,vejoz,cawny,brugh,skimp
fldxt,vejoz,cawny,burgh,skimp
fldxt,vejoz,hawks,bungy,crimp
fldxt,vejoz,hawks,bingy,crump
fldxt,vejoz,pshaw,gumby,crink
fldxt,vejoz,whaps,gumby,crink
fldxt,vejoz,pshaw,brick,mungy
fldxt,vejoz,whaps,brick,mungy
fldxt,vejoz,pshaw,bring,mucky
fldxt,vejoz,whaps,bring,mucky
fldxt,vejoz,warch,gumby,pinks
fldxt,vejoz,warch,gumby,spink
fldxt,vejoz,warch,bumpy,ginks
fldxt,vejoz,warch,bumpy,kings
fldxt,vejoz,warch,bungy,skimp
fldxt,vejoz,warch,bunks,gimpy
fldxt,vejoz,warch,bunks,pigmy
fldxt,vejoz,swack,bumph,girny
fldxt,vejoz,swack,bumph,ringy
fldxt,vejoz,wacks,bumph,girny
fldxt,vejoz,wacks,bumph,ringy
fldxt,vejoz,swack,bingy,murph
fldxt,vejoz,wacks,bingy,murph
fldxt,vejoz,swack,bring,humpy
fldxt,vejoz,wacks,bring,humpy
fldxt,vejoz,swack,minbu,gryph
fldxt,vejoz,wacks,minbu,gryph
fldxt,vejoz,whins,bucky,gramp
fldxt,vejoz,whins,backy,grump
fldxt,vejoz,shawm,bungy,prick
fldxt,vejoz,whams,bungy,prick
fldxt,vejoz,shawm,brick,pungy
fldxt,vejoz,whams,brick,pungy
fldxt,vejoz,gawsy,bumph,crink
fldxt,vejoz,gawsy,brink,chump
fldxt,vejoz,brawn,hucks,gimpy
fldxt,vejoz,brawn,hucks,pigmy
fldxt,vejoz,brawn,shuck,gimpy
fldxt,vejoz,brawn,shuck,pigmy
fldxt,vejoz,wrang,bumpy,hicks
fldxt,vejoz,wrang,bumpy,shick
fldxt,vejoz,wrang,kumbi,psych
fldxt,vejoz,wrang,bumps,hicky
fldxt,vejoz,wrang,busky,chimp
fldxt,vejoz,prawn,gumby,hicks
fldxt,vejoz,prawn,gumby,shick
fldxt,vejoz,chaws,gumby,prink
fldxt,vejoz,chwas,gumby,prink
fldxt,vejoz,schwa,gumby,prink
fldxt,vejoz,swank,bumph,gyric
fldxt,vejoz,swank,gumby,chirp
fldxt,vejoz,swank,gumby,prich
fldxt,vejoz,swank,bichy,grump
fldxt,vejoz,swank,rugby,chimp
fldxt,vejoz,gnaws,bumph,ricky
fldxt,vejoz,swang,bumph,ricky
fldxt,vejoz,gnaws,bumpy,chirk
fldxt,vejoz,swang,bumpy,chirk
fldxt,vejoz,gnaws,rhumb,picky
fldxt,vejoz,swang,rhumb,picky
fldxt,vejoz,gnaws,brick,humpy
fldxt,vejoz,swang,brick,humpy
fldxt,vejoz,gnaws,birky,chump
fldxt,vejoz,gnaws,kirby,chump
fldxt,vejoz,swang,birky,chump
fldxt,vejoz,swang,kirby,chump
fldxt,vejoz,pawns,gumby,chirk
fldxt,vejoz,spawn,gumby,chirk
fldxt,vejoz,pawns,brugh,micky
fldxt,vejoz,pawns,burgh,micky
fldxt,vejoz,spawn,brugh,micky
fldxt,vejoz,spawn,burgh,micky
fldxt,vejoz,braws,gunky,chimp
fldxt,vejoz,braws,kyung,chimp
fldxt,vejoz,braws,chunk,gimpy
fldxt,vejoz,braws,chunk,pigmy
fldxt,vejoz,braws,gucki,nymph
fldxt,vejoz,warks,bumph,gynic
fldxt,vejoz,warks,gumby,pinch
fldxt,vejoz,warks,bumpy,ching
fldxt,vejoz,warks,chimb,pungy
fldxt,vejoz,warks,bungy,chimp
fldxt,vejoz,warks,bunch,gimpy
fldxt,vejoz,warks,bunch,pigmy
fldxt,vejoz,warks,bingy,chump
fldxt,vejoz,shawn,gumby,prick
fldxt,vejoz,shawn,bucky,grimp
fldxt,vejoz,warps,gumby,chink
fldxt,vejoz,warps,gumby,kinch
fldxt,vejoz,wraps,gumby,chink
fldxt,vejoz,wraps,gumby,kinch
fldxt,vejoz,warps,chimb,gunky
fldxt,vejoz,warps,chimb,kyung
fldxt,vejoz,wraps,chimb,gunky
fldxt,vejoz,wraps,chimb,kyung
fldxt,jimpy,uzbek,vrows,chang
fldxt,jimpy,uzbek,vrows,ganch
fldxt,jimpy,uzbek,schav,grown
fldxt,jimpy,uzbek,schav,wrong
fldxt,jimpy,uzbeg,vrows,chank
fldxt,jimpy,uzbak,gconv,shrew
fldxt,jimpy,uzbak,gconv,wersh
fldxt,jimpy,uzbak,vrows,cheng
fldxt,jimpy,burez,gconv,hawks
fldxt,jimpy,burez,vangs,chowk
fldxt,jimpy,benzo,vughs,wrack
fldxt,jimpy,bonze,vughs,wrack
fldxt,jimpy,wanze,vughs,brock
fldxt,jumbo,zingy,pshav,wreck
fldxt,jumps,zygon,chivw,baker
fldxt,jumps,zygon,chivw,brake
fldxt,jumps,zygon,chivw,break
fldxt,jumps,zygon,chivw,kebar
fldxt,jumps,zygon,behav,wrick
fldxt,jumps,zygon,brevi,chawk
fldxt,jumps,zygon,brevi,whack
fldxt,jumps,zygon,brave,whick
fldxt,jumps,zygon,breva,whick
fldxt,jumps,zingy,bevor,chawk
fldxt,jumps,zingy,bevor,whack
fldxt,jumps,zingy,brave,chowk
fldxt,jumps,zingy,breva,chowk
fldxt,jumps,knyaz,chivw,gerbo
fldxt,jumps,knyaz,chivw,grebo
fldxt,jumps,vizor,gawby,kench
fldxt,jumps,vizor,gawky,bench
fldxt,jumps,vizor,whang,becky
fldxt,jumps,ginzo,verby,chawk
fldxt,jumps,ginzo,verby,whack
fldxt,jumps,benzo,gravy,whick
fldxt,jumps,bonze,gravy,whick
fldxt,jumps,voraz,whing,becky
fldxt,jumps,bizen,grovy,chawk
fldxt,jumps,bizen,grovy,whack
fldxt,jumps,zineb,grovy,chawk
fldxt,jumps,zineb,grovy,whack
fldxt,jumps,bizen,gravy,chowk
fldxt,jumps,zineb,gravy,chowk
fldxt,jumps,gazon,verby,whick
fldxt,jumps,zogan,verby,whick
fldxt,jumps,zigan,verby,chowk
fldxt,jumps,wanze,vicky,borgh
fldxt,jumps,wanze,vicky,brogh
fldxt,jumps,wanze,vicky,ghbor
fldxt,jumps,bezan,grovy,whick
fldxt,jumps,braze,vying,chowk
fldxt,jumps,zebra,vying,chowk
fldxt,jacky,ginzo,verbs,whump
fldxt,jacky,zings,vower,bumph
fldxt,jacky,zings,bevor,whump
fldxt,jacky,grosz,vinew,bumph
fldxt,benjy,oghuz,vamps,wrick
fldxt,benjy,gizmo,supvr,chawk
fldxt,benjy,gizmo,supvr,whack
fldxt,benjy,vizor,whamp,gucks
fldxt,benjy,vizor,gawks,chump
fldxt,benjy,grosz,avick,whump
fldxt,jarvy,uzbek,mowch,pings
fldxt,jarvy,uzbek,whing,comps
fldxt,jarvy,uzbek,nowch,gimps
fldxt,jarvy,uzbek,gowns,chimp
fldxt,jarvy,uzbek,swing,chomp
fldxt,jarvy,uzbek,wings,chomp
fldxt,jarvy,uzbeg,whomp,nicks
fldxt,jarvy,uzbeg,whomp,snick
fldxt,jarvy,uzbeg,mowch,pinks
fldxt,jarvy,uzbeg,mowch,spink
fldxt,jarvy,uzbeg,nowch,skimp
fldxt,jarvy,uzbeg,knows,chimp
fldxt,jarvy,uzbeg,snowk,chimp
fldxt,jarvy,uzbeg,swonk,chimp
fldxt,jarvy,uzbeg,swink,chomp
fldxt,jarvy,uzbeg,winks,chomp
fldxt,jarvy,ginzo,whump,becks
fldxt,jarvy,bizen,whomp,gucks
fldxt,jarvy,zineb,whomp,gucks
fldxt,jarvy,bizen,gowks,chump
fldxt,jarvy,zineb,gowks,chump
fldxt,jumba,zygon,chivw,perks
fldxt,jocks,zingy,warve,bumph
fldxt,jocks,zingy,waver,bumph
fldxt,jocks,zingy,brave,whump
fldxt,jocks,zingy,breva,whump
fldxt,jocks,winze,gravy,bumph
fldxt,jocks,wizen,gravy,bumph
fldxt,jocks,burez,vying,whamp
fldxt,jocks,bizen,gravy,whump
fldxt,jocks,zineb,gravy,whump
fldxt,jocks,zigan,wyver,bumph
fldxt,jocks,zigan,verby,whump
fldxt,jocks,braze,vying,whump
fldxt,jocks,zebra,vying,whump
fldxt,junks,zambo,chivw,grype
fldxt,jizya,gconv,whump,kerbs
fldxt,jizya,gconv,whump,krebs
fldxt,bejig,knyaz,supvr,mowch
fldxt,bejig,knyaz,vrows,chump
fldxt,kopje,zymic,vughs,brawn
fldxt,jerky,zambo,chivw,pungs
fldxt,jerky,zambo,chivw,spung
fldxt,jerky,zings,vocab,whump
fldxt,jerky,gazon,chivw,bumps
fldxt,jerky,zogan,chivw,bumps
fldxt,jerky,swazi,gconv,bumph
fldxt,jerky,sabzi,gconv,whump
fldxt,jakob,enzym,chivw,sprug
fldxt,jakob,zings,wyver,chump
fldxt,jambs,zygon,chivw,puker
fldxt,jinks,uzbeg,carvy,whomp
fldxt,jazey,chivw,bonks,grump
fldxt,jazey,chivw,knobs,grump
fldxt,jazey,gconv,whump,birks
fldxt,jazey,gconv,whump,brisk
fldxt,jahve,zygon,wrick,bumps
fldxt,jacko,zingy,verbs,whump
fldxt,jacko,zings,wyver,bumph
fldxt,jacko,zings,verby,whump
fldxt,jacks,zygon,wiver,bumph
fldxt,jacks,zygon,wrive,bumph
fldxt,jacks,zygon,brevi,whump
fldxt,jacks,zingy,vower,bumph
fldxt,jacks,zingy,bevor,whump
fldxt,jacks,ginzo,wyver,bumph
fldxt,jacks,ginzo,verby,whump
fldxt,jacks,winze,grovy,bumph
fldxt,jacks,wizen,grovy,bumph
fldxt,jacks,burez,vying,whomp
fldxt,jacks,bizen,grovy,whump
fldxt,jacks,zineb,grovy,whump
fldxt,johns,uzbeg,vicky,wramp
fldxt,jambe,zygon,supvr,whick
fldxt,jambe,zingy,supvr,chowk
fldxt,jambe,grosz,chivw,punky
fldxt,rajiv,zygon,whump,becks
fldxt,bruja,zygon,chivw,kemps
fldxt,bruja,zygon,chivw,skemp
fldxt,jives,zygon,whump,brack
fldxt,jives,zygon,wrack,bumph
fldxt,njave,grosz,whick,bumpy
fldxt,njave,grosz,wicky,bumph
fldxt,jorge,knyaz,chivw,bumps
fldxt,jerks,zingy,vocab,whump
fldxt,jerks,zambo,chivw,pungy
fldxt,jerks,gazon,chivw,bumpy
fldxt,jerks,zogan,chivw,bumpy
fldxt,javer,zygon,whick,bumps
fldxt,javer,zygon,swick,bumph
fldxt,javer,zygon,wicks,bumph
fldxt,javer,zingy,whump,bocks
fldxt,javer,zingy,whomp,bucks
fldxt,javer,zingy,chowk,bumps
fldxt,javer,zincy,gowks,bumph
fldxt,javer,zings,whomp,bucky
fldxt,javer,zings,chowk,bumpy
fldxt,bejan,grosz,vicky,whump
japyx,zhmud,fconv,grewt,bilks
japyx,zhmud,vingt,flock,brews
japyx,zhmud,vingt,frowl,becks
japyx,zhmud,vingt,fleck,brows
japyx,zhmud,vingt,freck,blows
japyx,zhmud,vingt,freck,bowls
japyx,zhmud,vingt,flows,breck
japyx,zhmud,vingt,fowls,breck
japyx,zhmud,vingt,wolfs,breck
japyx,zhmud,vingt,frows,bleck
japyx,zhmud,vingt,flews,brock
japyx,zhmud,verbs,flong,twick
japyx,fultz,mordv,whing,becks
japyx,windz,vughs,fremt,block
japyx,windz,thruv,flegm,bocks
japyx,klutz,chivw,fremd,bongs
japyx,muntz,bovld,freck,whigs
japyx,fritz,gconv,whelk,dumbs
japyx,bortz,chivw,flegm,dunks
expwy,fjord,klutz,vangs,chimb
expwy,jambs,fultz,gconv,dhikr
judex,blitz,fconv,mawks,gryph
kylix,vejoz,pfund,crwth,gambs
vibex,fjord,muntz,swack,glyph
vibex,fjord,muntz,wacks,glyph
vibex,fjord,waltz,gucks,nymph
vibex,jocks,muntz,dwarf,glyph
ampyx,vejoz,fdubs,crwth,glink
ampyx,vejoz,fdubs,crwth,kling
ampyx,fjeld,bortz,chivw,gunks
expdt,jumby,grosz,chivw,flank
expdt,jumby,zarfs,chivw,klong
expdt,jumby,zarfs,gconv,whilk
expdt,junky,grosz,chivw,flamb
expdt,jambs,furzy,chivw,klong
expdt,jambs,furzy,gconv,whilk
pbxes,jowly,zhmud,vingt,frack
pbxes,fjord,klutz,chivw,mangy
pbxes,fjord,muntz,chivw,glaky
pbxes,jacky,zhmud,vingt,frowl
pbxes,jacky,fultz,mordv,whing
pbxes,jarvy,zhmud,flong,twick
quick,fldxt,zygon,verbs,whamp
quick,fldxt,vejoz,brags,nymph
quick,fldxt,vejoz,garbs,nymph
quick,fldxt,vejoz,grabs,nymph
quick,fldxt,vejoz,braws,nymph
quick,fldxt,benjy,grosz,whamp
quick,fldxt,jambs,woven,gryph
quick,fldxt,njave,wombs,gryph
quawk,fldxt,zygon,verbs,chimp
quawk,fldxt,zingy,verbs,chomp
quawk,fldxt,zings,verby,chomp
quawk,fldxt,vejoz,grimp,synch
quawk,fldxt,vejoz,bring,psych
quawk,fldxt,vejoz,brigs,nymph
quawk,fldxt,vejoz,cribs,nymph
quawk,fldxt,jimpy,gconv,herbs
quawk,fldxt,jimpy,grosz,bench
quawk,fldxt,benjy,grosz,chimp
squiz,fldxt,benjy,chowk,gramp
squiz,fldxt,jerky,gconv,whamp
hdqrs,vejoz,flump,twick,bangy
hdqrs,vejoz,flimp,twang,bucky
hdqrs,vejoz,flick,twang,bumpy
hdqrs,vejoz,flamb,twick,pungy
hdqrs,vejoz,lampf,twick,bungy
hdqrs,vejoz,fangy,twick,plumb
hdqrs,vejoz,flang,twick,bumpy
hdqrs,jimpy,fultz,gconv,bawke
hdqrs,japyx,klutz,fconv,bewig
hdqrs,japyx,muntz,flock,bewig
hdqrs,japyx,muntz,flick,bowge
hdqrs,japyx,uzbeg,flowk,imcnt
hdqrs,expwy,klutz,fconv,bigam
hdqrs,expwy,jumbo,vingt,flack
hdqrs,expwy,jumba,vingt,flock
hdqrs,vibex,waltz,fcomp,gunky
hdqrs,vibex,waltz,fcomp,kyung
hdqrs,vibex,jowpy,muntz,glack
hdqrs,vibex,jowpy,muntz,flack
hdqrs,vibex,jumpy,flock,twang
hdqrs,vibex,junky,waltz,fcomp
hdqrs,ampyx,klutz,fconv,bewig
hdqrs,ampyx,vejoz,flung,twick
hdqrs,ampyx,bejig,klutz,fconv
hdqrs,pumex,blitz,fconv,gawky
hdqrs,bemix,fultz,gconv,pawky
hdqrs,exptl,jumby,gconv,wakif
hdqrs,exptl,jumby,kafiz,gconv
hdqrs,exptl,mujik,fconv,gawby
hdqrs,vixen,klutz,fcomp,gawby
qophs,fldxt,uzbek,vying,crawm
qophs,fldxt,jumby,given,wrack
qophs,fldxt,jumby,navig,wreck
qophs,fldxt,jumby,evang,wrick
qophs,fldxt,jumby,ganev,wrick
qophs,fldxt,jumby,vegan,wrick
qophs,fldxt,jumby,zigan,wreck
qophs,fldxt,jumba,vying,wreck
qophs,fldxt,jumba,zingy,wreck
qophs,fldxt,jambe,vicky,wrung
qophs,fldxt,njave,wrick,gumby
quack,fldxt,zingy,verbs,whomp
quack,fldxt,zings,verby,whomp
quack,fldxt,vejoz,brigs,nymph
quack,fldxt,bejig,vrows,nymph
qursh,fldxt,jimpy,gconv,bawke
squib,fldxt,vejoz,wrack,nymph
squib,fldxt,jerky,gconv,whamp
seqwl,japyx,zhmud,vingt,brock
seqwl,japyx,zhmud,vingt,frock
manqu,fldxt,vejoz,swick,gryph
manqu,fldxt,vejoz,wicks,gryph
squaw,fldxt,vejoz,brick,nymph
squab,fldxt,vejoz,wrick,nymph
quags,fldxt,vejoz,brick,nymph
quags,fldxt,vejoz,wrick,nymph
saqib,fldxt,jerky,gconv,whump
